order_id,user_id,merchant_id,order_date,status,amount,currency,installments_count
order_4e51e6b7,user_8605401c,merchant_46f1760b,2025-10-19 01:57:16.783615+00:00,approved,989,MAD,3
order_b28099b1,user_8605401c,merchant_d7cdffd3,2025-12-01 01:57:16.783615+00:00,approved,972,MAD,3
order_64fdf18e,user_8605401c,merchant_d7cdffd3,2025-11-23 01:57:16.783615+00:00,approved,1672,MAD,3
order_13f37e02,user_1526cb02,merchant_3b5fb9f0,2025-12-03 01:57:16.783615+00:00,approved,884,MAD,3
order_7952fff3,user_1526cb02,merchant_3b5fb9f0,2025-11-14 01:57:16.783615+00:00,approved,615,MAD,3
order_762c5d4e,user_1526cb02,merchant_e6fd0f32,2025-11-25 01:57:16.783615+00:00,approved,555,MAD,3
order_8b5f542b,user_af52516c,merchant_3ba9c3b0,2025-10-04 01:57:16.783615+00:00,approved,1106,MAD,3
order_923b7f84,user_af52516c,merchant_9a29c451,2025-10-01 01:57:16.783615+00:00,approved,1333,MAD,3
order_005941b2,user_fe4f5d31,merchant_d068dcce,2025-12-10 01:57:16.783615+00:00,approved,397,MAD,3
order_16aa5124,user_fe4f5d31,merchant_a6ad38ac,2025-12-08 01:57:16.783615+00:00,approved,880,MAD,3
order_b662999d,user_fe4f5d31,merchant_d068dcce,2025-10-10 01:57:16.783615+00:00,approved,518,MAD,3
order_e1dac558,user_05e27902,merchant_00df7761,2025-10-03 01:57:16.783615+00:00,approved,1599,MAD,3
order_bd8ac9d2,user_05e27902,merchant_0d25a7f0,2025-10-17 01:57:16.783615+00:00,rejected,893,MAD,3
order_75e8ff65,user_9ac87517,merchant_e6fd0f32,2025-10-29 01:57:16.783615+00:00,approved,648,MAD,3
order_52ba429c,user_9ac87517,merchant_3b5fb9f0,2025-11-15 01:57:16.783615+00:00,approved,875,MAD,3
order_15d95b98,user_9ac87517,merchant_aa3a9054,2025-11-03 01:57:16.783615+00:00,approved,572,MAD,3
order_6093b945,user_6a09cab3,merchant_0d25a7f0,2025-11-05 01:57:16.783615+00:00,approved,748,MAD,3
order_802c1a09,user_636e172b,merchant_aa3a9054,2025-11-30 01:57:16.783615+00:00,approved,883,MAD,3
order_b84002ba,user_636e172b,merchant_c2a9caa4,2025-11-24 01:57:16.783615+00:00,approved,547,MAD,3
order_f2f78b32,user_e622034a,merchant_c2a9caa4,2025-09-20 01:57:16.783615+00:00,approved,350,MAD,3
order_320fd58c,user_e622034a,merchant_e6fd0f32,2025-09-19 01:57:16.783615+00:00,approved,782,MAD,3
order_cc720ba4,user_e622034a,merchant_0d25a7f0,2025-11-22 01:57:16.783615+00:00,approved,710,MAD,3
order_f944eed3,user_e622034a,merchant_0d25a7f0,2025-09-19 01:57:16.783615+00:00,approved,305,MAD,3
order_e9b9c40a,user_f4d253cf,merchant_c2a9caa4,2025-11-11 01:57:16.783615+00:00,approved,357,MAD,3
order_315b8f38,user_f4d253cf,merchant_3b5fb9f0,2025-09-30 01:57:16.783615+00:00,approved,569,MAD,3
order_336d2d5f,user_f4d253cf,merchant_9a29c451,2025-10-14 01:57:16.783615+00:00,approved,371,MAD,3
order_2ff7e845,user_f4d253cf,merchant_c2a9caa4,2025-10-19 01:57:16.783615+00:00,approved,755,MAD,3
order_07713673,user_90793299,merchant_d068dcce,2025-10-10 01:57:16.783615+00:00,approved,898,MAD,3
order_6148cbf1,user_90793299,merchant_0efd0492,2025-10-05 01:57:16.783615+00:00,approved,891,MAD,3
order_d45684a8,user_90793299,merchant_00df7761,2025-10-10 01:57:16.783615+00:00,approved,825,MAD,3
order_e45ecf59,user_90793299,merchant_c2a9caa4,2025-11-30 01:57:16.783615+00:00,approved,584,MAD,3
order_61899b62,user_13a6688f,merchant_9a29c451,2025-11-05 01:57:16.783615+00:00,rejected,3246,MAD,3
order_0e77efe4,user_13a6688f,merchant_8042e2cf,2025-10-10 01:57:16.783615+00:00,rejected,3121,MAD,3
order_54d1347b,user_13a6688f,merchant_a6ad38ac,2025-09-26 01:57:16.783615+00:00,rejected,3799,MAD,3
order_96be8e54,user_13a6688f,merchant_46f1760b,2025-12-08 01:57:16.783615+00:00,rejected,2665,MAD,3
order_a809ad22,user_54859ad9,merchant_46f1760b,2025-11-06 01:57:16.783615+00:00,approved,722,MAD,3
order_1dd9c0b8,user_54859ad9,merchant_00df7761,2025-11-04 01:57:16.783615+00:00,approved,1195,MAD,3
order_b9b04f0d,user_cba864de,merchant_8042e2cf,2025-11-21 01:57:16.783615+00:00,approved,1178,MAD,3
order_f27f1cc3,user_c9f22b00,merchant_0efd0492,2025-09-29 01:57:16.783615+00:00,approved,492,MAD,3
order_2b2dca08,user_c9f22b00,merchant_aa3a9054,2025-11-30 01:57:16.783615+00:00,approved,832,MAD,3
order_f3383803,user_5ad5ab67,merchant_aa3a9054,2025-10-21 01:57:16.783615+00:00,approved,509,MAD,3
order_501d1a16,user_5ad5ab67,merchant_e6fd0f32,2025-10-26 01:57:16.783615+00:00,approved,688,MAD,3
order_4571a6c9,user_5ad5ab67,merchant_8042e2cf,2025-12-09 01:57:16.783615+00:00,approved,810,MAD,3
order_abfa602d,user_48325e33,merchant_c2a9caa4,2025-10-07 01:57:16.783615+00:00,rejected,947,MAD,3
order_cdf197e3,user_8446d607,merchant_8c4f4160,2025-12-05 01:57:16.783615+00:00,approved,1160,MAD,3
order_a5d205d0,user_8446d607,merchant_0efd0492,2025-11-13 01:57:16.783615+00:00,approved,1800,MAD,3
order_0c21ddc2,user_8446d607,merchant_c2a9caa4,2025-11-07 01:57:16.783615+00:00,approved,859,MAD,3
order_267d7003,user_274b9d16,merchant_1d26b8b1,2025-10-04 01:57:16.783615+00:00,rejected,2258,MAD,3
order_b69c8987,user_274b9d16,merchant_d7cdffd3,2025-11-10 01:57:16.783615+00:00,rejected,1913,MAD,3
order_585578bc,user_daf6eaf1,merchant_0d25a7f0,2025-11-10 01:57:16.783615+00:00,approved,306,MAD,3
order_cfbdc8fe,user_daf6eaf1,merchant_e6fd0f32,2025-10-22 01:57:16.783615+00:00,approved,872,MAD,3
order_92f4a467,user_daf6eaf1,merchant_0d25a7f0,2025-10-18 01:57:16.783615+00:00,approved,466,MAD,3
order_33db19bd,user_2195ebba,merchant_3b5fb9f0,2025-12-15 01:57:16.783615+00:00,approved,463,MAD,3
order_d886f12d,user_2195ebba,merchant_00df7761,2025-11-18 01:57:16.783615+00:00,approved,597,MAD,3
order_a4945fe5,user_b296e414,merchant_e6fd0f32,2025-11-30 01:57:16.783615+00:00,approved,2641,MAD,3
order_518bd2c8,user_b296e414,merchant_0efd0492,2025-10-22 01:57:16.783615+00:00,approved,2292,MAD,3
order_198bb4da,user_ec976524,merchant_8042e2cf,2025-11-04 01:57:16.783615+00:00,rejected,3060,MAD,3
order_c9001fdf,user_ec976524,merchant_708588c7,2025-11-13 01:57:16.783615+00:00,rejected,3245,MAD,3
order_37871eb7,user_ec976524,merchant_3b5fb9f0,2025-11-10 01:57:16.783615+00:00,approved,1826,MAD,3
order_dd11a9b4,user_990e3936,merchant_e6fd0f32,2025-12-04 01:57:16.783615+00:00,approved,1696,MAD,3
order_3812a761,user_990e3936,merchant_8c4f4160,2025-11-28 01:57:16.783615+00:00,approved,642,MAD,3
order_b2c7adc2,user_990e3936,merchant_8c4f4160,2025-10-06 01:57:16.783615+00:00,approved,1372,MAD,3
order_c4c55fd8,user_1dc54af6,merchant_8042e2cf,2025-09-24 01:57:16.783615+00:00,approved,735,MAD,3
order_c4d5aaae,user_1dc54af6,merchant_d068dcce,2025-12-07 01:57:16.783615+00:00,approved,507,MAD,3
order_37388d41,user_1dc54af6,merchant_d8abd5e0,2025-09-24 01:57:16.783615+00:00,approved,428,MAD,3
order_85e8858b,user_62273de7,merchant_00df7761,2025-10-22 01:57:16.783615+00:00,approved,810,MAD,3
order_8e11bf4f,user_62273de7,merchant_a6ad38ac,2025-10-24 01:57:16.783615+00:00,approved,582,MAD,3
order_44d62b56,user_597c23da,merchant_c2a9caa4,2025-11-30 01:57:16.783615+00:00,rejected,2386,MAD,3
order_b8fd4407,user_597c23da,merchant_8cf31187,2025-11-10 01:57:16.783615+00:00,rejected,2786,MAD,3
order_c7e9244e,user_597c23da,merchant_8042e2cf,2025-11-21 01:57:16.783615+00:00,rejected,2131,MAD,3
order_6b7e0b4e,user_96fa96af,merchant_8cf31187,2025-11-24 01:57:16.783615+00:00,rejected,3276,MAD,3
order_cf493a90,user_96fa96af,merchant_e6fd0f32,2025-12-23 01:57:16.783615+00:00,approved,1613,MAD,3
order_cf42a952,user_96fa96af,merchant_8cf31187,2025-11-05 01:57:16.783615+00:00,approved,2282,MAD,3
order_eaa88f18,user_96fa96af,merchant_3b5fb9f0,2025-10-25 01:57:16.783615+00:00,approved,3383,MAD,3
order_55052daa,user_59798243,merchant_a6ad38ac,2025-10-16 01:57:16.783615+00:00,approved,765,MAD,3
order_78bccdd2,user_59798243,merchant_708588c7,2025-10-23 01:57:16.783615+00:00,approved,728,MAD,3
order_ee8cc1f4,user_57c91653,merchant_3b5fb9f0,2025-11-22 01:57:16.783615+00:00,approved,364,MAD,3
order_eae1a51c,user_57c91653,merchant_00df7761,2025-11-09 01:57:16.783615+00:00,approved,531,MAD,3
order_411f2222,user_57c91653,merchant_fcc76787,2025-11-07 01:57:16.783615+00:00,approved,549,MAD,3
order_d82f91d8,user_57c91653,merchant_a6ad38ac,2025-10-11 01:57:16.783615+00:00,approved,821,MAD,3
order_0ab9e8a7,user_402b149e,merchant_46f1760b,2025-12-05 01:57:16.783615+00:00,rejected,2742,MAD,3
order_6ca8cebd,user_402b149e,merchant_9a29c451,2025-10-14 01:57:16.783615+00:00,approved,2443,MAD,3
order_879bc9d2,user_402b149e,merchant_9a29c451,2025-11-22 01:57:16.783615+00:00,rejected,2873,MAD,3
order_5bd4a0c1,user_402b149e,merchant_d7cdffd3,2025-09-24 01:57:16.783615+00:00,rejected,1959,MAD,3
order_dc16700e,user_1cda7daa,merchant_1d26b8b1,2025-12-14 01:57:16.783615+00:00,rejected,1363,MAD,3
order_85a01bdc,user_1cda7daa,merchant_fcc76787,2025-11-22 01:57:16.783615+00:00,approved,765,MAD,3
order_401b2ed0,user_1cda7daa,merchant_aa3a9054,2025-10-14 01:57:16.783615+00:00,approved,1694,MAD,3
order_09095cd8,user_ce69839c,merchant_d8abd5e0,2025-11-08 01:57:16.783615+00:00,approved,1592,MAD,3
order_cff1f6ee,user_ce69839c,merchant_708588c7,2025-09-19 01:57:16.783615+00:00,rejected,2031,MAD,3
order_ea200bda,user_ce69839c,merchant_0efd0492,2025-10-26 01:57:16.783615+00:00,approved,3102,MAD,3
order_84d34513,user_8c730c02,merchant_e6fd0f32,2025-11-28 01:57:16.783615+00:00,approved,440,MAD,3
order_2083c52f,user_8c730c02,merchant_d068dcce,2025-11-26 01:57:16.783615+00:00,approved,300,MAD,3
order_d848f1c1,user_8f61ed7e,merchant_3ba9c3b0,2025-11-23 01:57:16.783615+00:00,approved,396,MAD,3
order_23c78d0a,user_8f61ed7e,merchant_fcc76787,2025-10-27 01:57:16.783615+00:00,approved,479,MAD,3
order_3dc8e2b1,user_c6667964,merchant_0d25a7f0,2025-10-29 01:57:16.783615+00:00,approved,630,MAD,3
order_99d72831,user_c6667964,merchant_fcc76787,2025-11-24 01:57:16.783615+00:00,approved,490,MAD,3
order_b8d7fb96,user_84bd2f9b,merchant_d068dcce,2025-11-16 01:57:16.783615+00:00,approved,330,MAD,3
order_e168b505,user_84bd2f9b,merchant_a6ad38ac,2025-12-09 01:57:16.783615+00:00,approved,569,MAD,3
order_d03064cd,user_84bd2f9b,merchant_00df7761,2025-10-12 01:57:16.783615+00:00,approved,772,MAD,3
order_5925ed23,user_84bd2f9b,merchant_9a29c451,2025-11-22 01:57:16.783615+00:00,approved,805,MAD,3
order_069df55d,user_b5959a8d,merchant_708588c7,2025-11-05 01:57:16.783615+00:00,rejected,1783,MAD,3
order_b1e3bd60,user_b5959a8d,merchant_9a29c451,2025-12-01 01:57:16.783615+00:00,approved,1623,MAD,3
order_bf1dceb5,user_8e7730a5,merchant_8cf31187,2025-11-04 01:57:16.783615+00:00,approved,844,MAD,3
order_edaa9325,user_8e7730a5,merchant_708588c7,2025-10-31 01:57:16.783615+00:00,approved,495,MAD,3
order_24b8f972,user_8e7730a5,merchant_e6fd0f32,2025-12-05 01:57:16.783615+00:00,approved,328,MAD,3
order_90feb09f,user_8e7730a5,merchant_8cf31187,2025-10-15 01:57:16.783615+00:00,approved,619,MAD,3
order_57a35b3d,user_ba4c120a,merchant_0d25a7f0,2025-10-28 01:57:16.783615+00:00,approved,1155,MAD,3
order_87dc8814,user_ba4c120a,merchant_0d25a7f0,2025-12-09 01:57:16.783615+00:00,approved,1631,MAD,3
order_2e1af7c5,user_ba4c120a,merchant_fcc76787,2025-11-07 01:57:16.783615+00:00,approved,1718,MAD,3
order_a7d3cd08,user_ac50ab11,merchant_8cf31187,2025-12-14 01:57:16.783615+00:00,approved,663,MAD,3
order_8a150971,user_ac50ab11,merchant_d8abd5e0,2025-11-23 01:57:16.783615+00:00,approved,638,MAD,3
order_b3510d92,user_ac50ab11,merchant_8c4f4160,2025-12-14 01:57:16.783615+00:00,approved,404,MAD,3
order_e64c1afb,user_b6615289,merchant_8c4f4160,2025-12-08 01:57:16.783615+00:00,approved,551,MAD,3
order_c9f98475,user_b6615289,merchant_fcc76787,2025-09-25 01:57:16.783615+00:00,approved,322,MAD,3
order_3d6b595c,user_04494a30,merchant_0efd0492,2025-11-05 01:57:16.783615+00:00,approved,736,MAD,3
order_ef3c1feb,user_04494a30,merchant_8c4f4160,2025-12-10 01:57:16.783615+00:00,approved,708,MAD,3
order_83979e5f,user_04494a30,merchant_46f1760b,2025-12-20 01:57:16.783615+00:00,approved,414,MAD,3
order_af8b2756,user_04494a30,merchant_8cf31187,2025-12-18 01:57:16.783615+00:00,approved,762,MAD,3
order_13b6edb2,user_8f154efa,merchant_0d25a7f0,2025-11-07 01:57:16.783615+00:00,approved,737,MAD,3
order_7f364d60,user_8f154efa,merchant_d8abd5e0,2025-11-26 01:57:16.783615+00:00,approved,555,MAD,3
order_5c2d1400,user_8f154efa,merchant_d7cdffd3,2025-11-21 01:57:16.783615+00:00,approved,557,MAD,3
order_d6f78060,user_e6c9d3ef,merchant_8042e2cf,2025-12-14 01:57:16.783615+00:00,rejected,2108,MAD,3
order_53913d04,user_e6c9d3ef,merchant_8cf31187,2025-12-01 01:57:16.783615+00:00,approved,1971,MAD,3
order_636ac07f,user_e6c9d3ef,merchant_8cf31187,2025-10-12 01:57:16.783615+00:00,rejected,1599,MAD,3
order_f0e8f454,user_1464cd2a,merchant_46f1760b,2025-12-04 01:57:16.783615+00:00,approved,431,MAD,3
order_5b9599bb,user_1464cd2a,merchant_fcc76787,2025-11-14 01:57:16.783615+00:00,approved,593,MAD,3
order_4e40c959,user_ec515801,merchant_3ba9c3b0,2025-10-19 01:57:16.783615+00:00,approved,922,MAD,3
order_22a36516,user_ec515801,merchant_8cf31187,2025-09-21 01:57:16.783615+00:00,approved,1278,MAD,3
order_a95aa19b,user_e7f4d881,merchant_8cf31187,2025-10-22 01:57:16.783615+00:00,approved,1355,MAD,3
order_e3bd86e7,user_e7f4d881,merchant_9a29c451,2025-12-23 01:57:16.783615+00:00,rejected,1353,MAD,3
order_83bce851,user_9dcd2956,merchant_d7cdffd3,2025-11-12 01:57:16.783615+00:00,approved,1771,MAD,3
order_04a44c29,user_d9938325,merchant_46f1760b,2025-12-03 01:57:16.783615+00:00,approved,522,MAD,3
order_dafbbbd9,user_d9938325,merchant_3b5fb9f0,2025-11-23 01:57:16.783615+00:00,approved,740,MAD,3
order_8620d019,user_d9938325,merchant_e6fd0f32,2025-12-02 01:57:16.783615+00:00,approved,826,MAD,3
order_93932d1c,user_d9938325,merchant_8042e2cf,2025-10-03 01:57:16.783615+00:00,approved,833,MAD,3
order_db7166af,user_17cf5e1c,merchant_46f1760b,2025-10-19 01:57:16.783615+00:00,approved,455,MAD,3
order_ca7f7e00,user_17cf5e1c,merchant_aa3a9054,2025-12-14 01:57:16.783615+00:00,approved,398,MAD,3
order_7a130512,user_17cf5e1c,merchant_e6fd0f32,2025-12-05 01:57:16.783615+00:00,approved,349,MAD,3
order_0fd92ba9,user_1e607006,merchant_46f1760b,2025-11-12 01:57:16.783615+00:00,approved,870,MAD,3
order_0fbb2868,user_1e607006,merchant_c2a9caa4,2025-11-18 01:57:16.783615+00:00,approved,809,MAD,3
order_725cd41b,user_606999bf,merchant_708588c7,2025-10-28 01:57:16.783615+00:00,approved,1410,MAD,3
order_c77f26b9,user_606999bf,merchant_e6fd0f32,2025-11-03 01:57:16.783615+00:00,approved,1302,MAD,3
order_9a2e891b,user_606999bf,merchant_d7cdffd3,2025-09-20 01:57:16.783615+00:00,approved,696,MAD,3
order_7c9ab04b,user_d1f7ab21,merchant_8c4f4160,2025-11-10 01:57:16.783615+00:00,approved,1012,MAD,3
order_e2aac91c,user_d1f7ab21,merchant_9a29c451,2025-11-25 01:57:16.783615+00:00,approved,1501,MAD,3
order_bb9ddd56,user_0be4c87c,merchant_00df7761,2025-10-06 01:57:16.783615+00:00,approved,1683,MAD,3
order_0620f369,user_0be4c87c,merchant_8c4f4160,2025-12-07 01:57:16.783615+00:00,approved,1596,MAD,3
order_dd2b6a72,user_32c105cb,merchant_46f1760b,2025-11-12 01:57:16.783615+00:00,approved,341,MAD,3
order_62252f9a,user_32c105cb,merchant_8c4f4160,2025-10-28 01:57:16.783615+00:00,approved,597,MAD,3
order_239ad498,user_54169871,merchant_3b5fb9f0,2025-10-08 01:57:16.783615+00:00,approved,1636,MAD,3
order_7407b111,user_54169871,merchant_3ba9c3b0,2025-11-09 01:57:16.783615+00:00,rejected,3171,MAD,3
order_a106ed3a,user_54169871,merchant_0d25a7f0,2025-11-08 01:57:16.783615+00:00,rejected,3669,MAD,3
order_67146a72,user_54169871,merchant_46f1760b,2025-10-17 01:57:16.783615+00:00,approved,2722,MAD,3
order_bfe55724,user_edb00fd2,merchant_0d25a7f0,2025-11-06 01:57:16.783615+00:00,approved,701,MAD,3
order_c9e7a2c7,user_edb00fd2,merchant_0efd0492,2025-11-28 01:57:16.783615+00:00,approved,375,MAD,3
order_d90f4f15,user_edb00fd2,merchant_708588c7,2025-11-13 01:57:16.783615+00:00,approved,460,MAD,3
order_9eb04605,user_bbb7e973,merchant_8cf31187,2025-10-23 01:57:16.783615+00:00,approved,781,MAD,3
order_d96b2012,user_bbb7e973,merchant_8042e2cf,2025-12-06 01:57:16.783615+00:00,approved,623,MAD,3
order_01ef9cb7,user_04a4f6cf,merchant_8c4f4160,2025-11-21 01:57:16.783615+00:00,approved,731,MAD,3
order_9cd3fa7a,user_04a4f6cf,merchant_8c4f4160,2025-12-09 01:57:16.783615+00:00,approved,604,MAD,3
order_93fe83db,user_04a4f6cf,merchant_0efd0492,2025-11-07 01:57:16.783615+00:00,approved,726,MAD,3
order_8448a803,user_c8f3b806,merchant_0d25a7f0,2025-12-03 01:57:16.783615+00:00,approved,897,MAD,3
order_c3c782c2,user_c8f3b806,merchant_8c4f4160,2025-11-12 01:57:16.783615+00:00,approved,378,MAD,3
order_cdd1af84,user_c8f3b806,merchant_8cf31187,2025-10-13 01:57:16.783615+00:00,approved,368,MAD,3
order_d22e6894,user_d512ec21,merchant_9a29c451,2025-10-08 01:57:16.783615+00:00,approved,933,MAD,3
order_5335d2dc,user_e8a34701,merchant_8c4f4160,2025-10-31 01:57:16.783615+00:00,approved,402,MAD,3
order_aa87ab4c,user_e8a34701,merchant_fcc76787,2025-11-08 01:57:16.783615+00:00,rejected,342,MAD,3
order_ef6bb328,user_e8a34701,merchant_c2a9caa4,2025-11-13 01:57:16.783615+00:00,approved,595,MAD,3
order_a00f765d,user_99dea4aa,merchant_3b5fb9f0,2025-12-10 01:57:16.783615+00:00,approved,543,MAD,3
order_17fd63f6,user_99dea4aa,merchant_a6ad38ac,2025-10-18 01:57:16.783615+00:00,approved,610,MAD,3
order_e01c822a,user_99dea4aa,merchant_3ba9c3b0,2025-10-13 01:57:16.783615+00:00,approved,342,MAD,3
order_748c33e0,user_99dea4aa,merchant_d068dcce,2025-12-06 01:57:16.783615+00:00,approved,700,MAD,3
order_0d8e055c,user_4f31bb4a,merchant_00df7761,2025-10-07 01:57:16.783615+00:00,approved,326,MAD,3
order_072fe48f,user_4f31bb4a,merchant_d8abd5e0,2025-11-09 01:57:16.783615+00:00,approved,601,MAD,3
order_ddc404ff,user_4f31bb4a,merchant_8042e2cf,2025-10-09 01:57:16.783615+00:00,approved,799,MAD,3
order_cf138490,user_4f31bb4a,merchant_c2a9caa4,2025-12-01 01:57:16.783615+00:00,approved,814,MAD,3
order_ef3b2340,user_4a5b5409,merchant_fcc76787,2025-11-08 01:57:16.783615+00:00,approved,796,MAD,3
order_7a896f2e,user_4a5b5409,merchant_aa3a9054,2025-10-03 01:57:16.783615+00:00,approved,349,MAD,3
order_83e83c2d,user_4a5b5409,merchant_aa3a9054,2025-11-08 01:57:16.783615+00:00,approved,436,MAD,3
order_0f0c2908,user_5f597cc3,merchant_fcc76787,2025-11-27 01:57:16.783615+00:00,approved,1429,MAD,3
order_b5dae523,user_5f597cc3,merchant_8c4f4160,2025-11-27 01:57:16.783615+00:00,approved,1442,MAD,3
order_869c8acd,user_5f597cc3,merchant_46f1760b,2025-11-22 01:57:16.783615+00:00,approved,1722,MAD,3
order_54779429,user_a8ef1a98,merchant_9a29c451,2025-10-23 01:57:16.783615+00:00,approved,856,MAD,3
order_95952229,user_a8ef1a98,merchant_d7cdffd3,2025-11-08 01:57:16.783615+00:00,approved,396,MAD,3
order_4218bf17,user_a8ef1a98,merchant_a6ad38ac,2025-11-08 01:57:16.783615+00:00,approved,614,MAD,3
order_bcdfdb02,user_a8ef1a98,merchant_3b5fb9f0,2025-10-23 01:57:16.783615+00:00,approved,495,MAD,3
order_234a315e,user_42f50e87,merchant_00df7761,2025-11-19 01:57:16.783615+00:00,approved,554,MAD,3
order_272cc42b,user_42f50e87,merchant_d7cdffd3,2025-10-25 01:57:16.783615+00:00,approved,720,MAD,3
order_d36e40c8,user_fbd3299f,merchant_d8abd5e0,2025-12-10 01:57:16.783615+00:00,approved,1167,MAD,3
order_1362f299,user_7c6ca4ff,merchant_c2a9caa4,2025-10-09 01:57:16.783615+00:00,approved,867,MAD,3
order_62f52699,user_7c6ca4ff,merchant_3ba9c3b0,2025-10-12 01:57:16.783615+00:00,approved,870,MAD,3
order_8e102b67,user_7c6ca4ff,merchant_8c4f4160,2025-11-20 01:57:16.783615+00:00,approved,551,MAD,3
order_6b0f1e95,user_7c6ca4ff,merchant_fcc76787,2025-09-27 01:57:16.783615+00:00,approved,842,MAD,3
order_7507a2c8,user_b664d506,merchant_8042e2cf,2025-11-01 01:57:16.783615+00:00,approved,1613,MAD,3
order_f0531c75,user_b44389aa,merchant_46f1760b,2025-12-13 01:57:16.783615+00:00,approved,1333,MAD,3
order_7e774846,user_b44389aa,merchant_8c4f4160,2025-11-13 01:57:16.783615+00:00,approved,747,MAD,3
order_94f6394a,user_b44389aa,merchant_3ba9c3b0,2025-11-08 01:57:16.783615+00:00,rejected,1746,MAD,3
order_8ff76d0a,user_55227c48,merchant_8c4f4160,2025-09-22 01:57:16.783615+00:00,approved,869,MAD,3
order_03de4a38,user_55227c48,merchant_3b5fb9f0,2025-10-24 01:57:16.783615+00:00,approved,307,MAD,3
order_51ba2385,user_55227c48,merchant_00df7761,2025-11-15 01:57:16.783615+00:00,approved,635,MAD,3
order_75a3952d,user_55227c48,merchant_8042e2cf,2025-11-19 01:57:16.783615+00:00,approved,404,MAD,3
order_0af4797c,user_079c9afe,merchant_1d26b8b1,2025-11-23 01:57:16.783615+00:00,approved,817,MAD,3
order_9e170b4e,user_079c9afe,merchant_e6fd0f32,2025-11-02 01:57:16.783615+00:00,approved,593,MAD,3
order_09c7588f,user_079c9afe,merchant_d8abd5e0,2025-10-30 01:57:16.783615+00:00,approved,716,MAD,3
order_06bf8e58,user_079c9afe,merchant_1d26b8b1,2025-11-19 01:57:16.783615+00:00,approved,609,MAD,3
order_9f9f6d87,user_0fffa716,merchant_3ba9c3b0,2025-10-28 01:57:16.783615+00:00,approved,721,MAD,3
order_71c364eb,user_7110bba7,merchant_e6fd0f32,2025-12-04 01:57:16.783615+00:00,approved,1059,MAD,3
order_a2e20638,user_7110bba7,merchant_1d26b8b1,2025-11-08 01:57:16.783615+00:00,approved,1677,MAD,3
order_fb4ed95b,user_e0e604b4,merchant_8cf31187,2025-11-02 01:57:16.783615+00:00,approved,793,MAD,3
order_5f408191,user_e0e604b4,merchant_d068dcce,2025-10-27 01:57:16.783615+00:00,approved,377,MAD,3
order_9dd58911,user_e0e604b4,merchant_8cf31187,2025-11-28 01:57:16.783615+00:00,approved,708,MAD,3
order_94e07ec5,user_e0e604b4,merchant_708588c7,2025-11-02 01:57:16.783615+00:00,approved,750,MAD,3
order_40c1dd7d,user_017f5c09,merchant_8cf31187,2025-11-04 01:57:16.783615+00:00,approved,364,MAD,3
order_9c8a1dab,user_017f5c09,merchant_8042e2cf,2025-11-19 01:57:16.783615+00:00,approved,454,MAD,3
order_a7bd64e7,user_017f5c09,merchant_c2a9caa4,2025-10-08 01:57:16.783615+00:00,approved,630,MAD,3
order_c2655cf1,user_dff8b982,merchant_8042e2cf,2025-10-01 01:57:16.783615+00:00,approved,1105,MAD,3
order_23727357,user_dff8b982,merchant_1d26b8b1,2025-12-13 01:57:16.783615+00:00,approved,676,MAD,3
order_4b208714,user_22072c4b,merchant_a6ad38ac,2025-11-08 01:57:16.783615+00:00,approved,699,MAD,3
order_1a608f8e,user_22072c4b,merchant_a6ad38ac,2025-10-17 01:57:16.783615+00:00,approved,571,MAD,3
order_35909a0a,user_9bb32f8b,merchant_3b5fb9f0,2025-11-27 01:57:16.783615+00:00,approved,698,MAD,3
order_b1231ca1,user_9bb32f8b,merchant_708588c7,2025-10-23 01:57:16.783615+00:00,approved,430,MAD,3
order_7c597ce5,user_9bb32f8b,merchant_d8abd5e0,2025-12-12 01:57:16.783615+00:00,approved,899,MAD,3
order_5ccf98a9,user_584b0fac,merchant_c2a9caa4,2025-10-07 01:57:16.783615+00:00,rejected,424,MAD,3
order_20ceb798,user_584b0fac,merchant_3ba9c3b0,2025-12-06 01:57:16.783615+00:00,approved,874,MAD,3
order_b60bc908,user_584b0fac,merchant_0d25a7f0,2025-11-22 01:57:16.783615+00:00,approved,414,MAD,3
order_82e74055,user_584b0fac,merchant_1d26b8b1,2025-10-02 01:57:16.783615+00:00,approved,406,MAD,3
order_48abe8ea,user_21d23f6f,merchant_8c4f4160,2025-10-24 01:57:16.783615+00:00,approved,649,MAD,3
order_2939561f,user_21d23f6f,merchant_d068dcce,2025-12-04 01:57:16.783615+00:00,approved,319,MAD,3
order_90c78269,user_d48002e1,merchant_8042e2cf,2025-11-30 01:57:16.783615+00:00,approved,1054,MAD,3
order_ecfb67da,user_d48002e1,merchant_0d25a7f0,2025-10-29 01:57:16.783615+00:00,approved,1348,MAD,3
order_724f6014,user_d48002e1,merchant_00df7761,2025-10-15 01:57:16.783615+00:00,approved,1159,MAD,3
order_b5ae6e6a,user_01f08b86,merchant_9a29c451,2025-09-29 01:57:16.783615+00:00,approved,697,MAD,3
order_a402cab8,user_01f08b86,merchant_d068dcce,2025-10-30 01:57:16.783615+00:00,approved,359,MAD,3
order_81542b47,user_12b7fcb0,merchant_d8abd5e0,2025-10-26 01:57:16.783615+00:00,approved,901,MAD,3
order_4456ac0d,user_12b7fcb0,merchant_0d25a7f0,2025-11-01 01:57:16.783615+00:00,approved,1495,MAD,3
order_6fb83b81,user_12b7fcb0,merchant_8cf31187,2025-12-05 01:57:16.783615+00:00,approved,1524,MAD,3
order_db2f82e2,user_ce51705e,merchant_1d26b8b1,2025-12-09 01:57:16.783615+00:00,approved,352,MAD,3
order_4394c96f,user_ce51705e,merchant_a6ad38ac,2025-10-05 01:57:16.783615+00:00,approved,392,MAD,3
order_7c95376a,user_8a09ad68,merchant_e6fd0f32,2025-11-29 01:57:16.783615+00:00,approved,1610,MAD,3
order_6bb7d615,user_8a09ad68,merchant_00df7761,2025-11-13 01:57:16.783615+00:00,approved,3617,MAD,3
order_3ee4c620,user_8a09ad68,merchant_8cf31187,2025-09-30 01:57:16.783615+00:00,approved,2552,MAD,3
order_76f186ec,user_8a09ad68,merchant_3b5fb9f0,2025-11-17 01:57:16.783615+00:00,approved,1892,MAD,3
order_660937d6,user_8a09ad68,merchant_3b5fb9f0,2025-09-27 01:57:16.783615+00:00,rejected,2489,MAD,3
order_7c69f5d7,user_1c1e5b23,merchant_8042e2cf,2025-11-11 01:57:16.783615+00:00,approved,811,MAD,3
order_b1e1ec2f,user_28db9dc3,merchant_708588c7,2025-10-07 01:57:16.783615+00:00,approved,646,MAD,3
order_f3e77f53,user_28db9dc3,merchant_3b5fb9f0,2025-11-20 01:57:16.783615+00:00,approved,744,MAD,3
order_4bc22edb,user_28db9dc3,merchant_9a29c451,2025-10-25 01:57:16.783615+00:00,approved,667,MAD,3
order_280c2ad4,user_85ce4edd,merchant_3b5fb9f0,2025-10-07 01:57:16.783615+00:00,approved,300,MAD,3
order_138aaaa8,user_85ce4edd,merchant_00df7761,2025-12-04 01:57:16.783615+00:00,approved,646,MAD,3
order_42d974aa,user_85ce4edd,merchant_aa3a9054,2025-10-12 01:57:16.783615+00:00,approved,563,MAD,3
order_65176671,user_945ea30e,merchant_3ba9c3b0,2025-11-23 01:57:16.783615+00:00,approved,931,MAD,3
order_4a4c9140,user_0ac5b951,merchant_0d25a7f0,2025-12-03 01:57:16.783615+00:00,approved,674,MAD,3
order_694c1a7c,user_38d0ffb0,merchant_d068dcce,2025-11-03 01:57:16.783615+00:00,approved,669,MAD,3
order_7a4d91f4,user_38d0ffb0,merchant_c2a9caa4,2025-10-18 01:57:16.783615+00:00,rejected,605,MAD,3
order_d568980e,user_49943142,merchant_e6fd0f32,2025-10-09 01:57:16.783615+00:00,rejected,1435,MAD,3
order_00d1ab6c,user_49943142,merchant_a6ad38ac,2025-12-13 01:57:16.783615+00:00,rejected,1675,MAD,3
order_14281a31,user_f95f4e99,merchant_d7cdffd3,2025-11-01 01:57:16.783615+00:00,rejected,669,MAD,3
order_08a9930e,user_f95f4e99,merchant_8c4f4160,2025-11-27 01:57:16.783615+00:00,approved,342,MAD,3
order_fc3c8f7c,user_fb341c34,merchant_e6fd0f32,2025-11-19 01:57:16.783615+00:00,approved,779,MAD,3
order_eb295f35,user_fb341c34,merchant_d068dcce,2025-09-28 01:57:16.783615+00:00,rejected,668,MAD,3
order_37779ade,user_fb341c34,merchant_e6fd0f32,2025-10-22 01:57:16.783615+00:00,approved,730,MAD,3
order_65b997f3,user_0cbb630a,merchant_9a29c451,2025-11-19 01:57:16.783615+00:00,approved,582,MAD,3
order_dcef9248,user_0cbb630a,merchant_e6fd0f32,2025-10-20 01:57:16.783615+00:00,approved,343,MAD,3
order_13c7331e,user_7cc155f4,merchant_c2a9caa4,2025-10-06 01:57:16.783615+00:00,approved,873,MAD,3
order_2d3e6874,user_7cc155f4,merchant_c2a9caa4,2025-10-13 01:57:16.783615+00:00,approved,827,MAD,3
order_5a713cec,user_7cc155f4,merchant_3ba9c3b0,2025-12-21 01:57:16.783615+00:00,approved,321,MAD,3
order_0510208d,user_c3346d35,merchant_00df7761,2025-11-28 01:57:16.783615+00:00,approved,759,MAD,3
order_7c6992c9,user_c3346d35,merchant_fcc76787,2025-11-16 01:57:16.783615+00:00,approved,868,MAD,3
order_06dd1232,user_c3346d35,merchant_46f1760b,2025-11-15 01:57:16.783615+00:00,approved,357,MAD,3
order_c4f29d5b,user_c3346d35,merchant_8cf31187,2025-11-07 01:57:16.783615+00:00,approved,311,MAD,3
order_05104fdd,user_a5125472,merchant_708588c7,2025-10-03 01:57:16.783615+00:00,approved,1586,MAD,3
order_6ce4a532,user_a5125472,merchant_0d25a7f0,2025-11-04 01:57:16.783615+00:00,approved,757,MAD,3
order_fc13c700,user_a5125472,merchant_8cf31187,2025-11-16 01:57:16.783615+00:00,approved,1030,MAD,3
order_e44fc282,user_aa369f35,merchant_d7cdffd3,2025-11-08 01:57:16.783615+00:00,rejected,3027,MAD,3
order_d8c45552,user_aa369f35,merchant_9a29c451,2025-10-21 01:57:16.783615+00:00,rejected,3616,MAD,3
order_1c59dd89,user_467d672f,merchant_8cf31187,2025-11-27 01:57:16.783615+00:00,approved,648,MAD,3
order_80165906,user_467d672f,merchant_c2a9caa4,2025-11-21 01:57:16.783615+00:00,approved,733,MAD,3
order_73957934,user_d0b31160,merchant_46f1760b,2025-11-16 01:57:16.783615+00:00,approved,325,MAD,3
order_8a12e0c9,user_d0b31160,merchant_46f1760b,2025-12-17 01:57:16.783615+00:00,approved,388,MAD,3
order_49fab17d,user_d0b31160,merchant_8c4f4160,2025-12-10 01:57:16.783615+00:00,approved,856,MAD,3
order_01165923,user_97cabd71,merchant_8cf31187,2025-09-20 01:57:16.783615+00:00,approved,529,MAD,3
order_f2eb7838,user_97cabd71,merchant_a6ad38ac,2025-11-07 01:57:16.783615+00:00,approved,683,MAD,3
order_9ccaf909,user_ac99f6c5,merchant_8c4f4160,2025-12-06 01:57:16.783615+00:00,rejected,1874,MAD,3
order_ff00a68c,user_ac99f6c5,merchant_8042e2cf,2025-10-05 01:57:16.783615+00:00,rejected,3096,MAD,3
order_dee3890b,user_ac99f6c5,merchant_aa3a9054,2025-10-20 01:57:16.783615+00:00,rejected,2943,MAD,3
order_6035c955,user_ac99f6c5,merchant_0efd0492,2025-10-20 01:57:16.783615+00:00,rejected,3600,MAD,3
order_5bcf31fa,user_4e4ae3c8,merchant_1d26b8b1,2025-10-09 01:57:16.783615+00:00,approved,714,MAD,3
order_d5a31ef7,user_4e4ae3c8,merchant_e6fd0f32,2025-11-30 01:57:16.783615+00:00,approved,667,MAD,3
order_80a99bce,user_bda1361e,merchant_9a29c451,2025-10-20 01:57:16.783615+00:00,approved,713,MAD,3
order_c5db3412,user_bda1361e,merchant_0efd0492,2025-10-28 01:57:16.783615+00:00,approved,308,MAD,3
order_f3419f70,user_bda1361e,merchant_8cf31187,2025-10-05 01:57:16.783615+00:00,approved,324,MAD,3
order_ec242d27,user_bda1361e,merchant_8cf31187,2025-12-09 01:57:16.783615+00:00,approved,371,MAD,3
order_999493be,user_da53805e,merchant_d7cdffd3,2025-11-14 01:57:16.783615+00:00,approved,1018,MAD,3
order_d47b386c,user_da53805e,merchant_d068dcce,2025-10-17 01:57:16.783615+00:00,approved,1112,MAD,3
order_56532a88,user_da53805e,merchant_9a29c451,2025-12-09 01:57:16.783615+00:00,approved,1000,MAD,3
order_d0b77dc5,user_1c148fa8,merchant_708588c7,2025-12-16 01:57:16.783615+00:00,approved,1484,MAD,3
order_f343d0d7,user_1c148fa8,merchant_d068dcce,2025-11-09 01:57:16.783615+00:00,rejected,1198,MAD,3
order_caca768c,user_f64d1832,merchant_00df7761,2025-12-06 01:57:16.783615+00:00,approved,1775,MAD,3
order_f59ce087,user_f64d1832,merchant_fcc76787,2025-11-27 01:57:16.783615+00:00,approved,1568,MAD,3
order_a27f086f,user_f64d1832,merchant_8c4f4160,2025-11-30 01:57:16.783615+00:00,approved,919,MAD,3
order_1abd0ee6,user_7a6f4468,merchant_8042e2cf,2025-11-25 01:57:16.783615+00:00,approved,1719,MAD,3
order_e2a1cc3c,user_7a6f4468,merchant_a6ad38ac,2025-11-27 01:57:16.783615+00:00,approved,1468,MAD,3
order_3b20646a,user_7a6f4468,merchant_d068dcce,2025-12-03 01:57:16.783615+00:00,approved,1137,MAD,3
order_b2678c19,user_97fca422,merchant_d8abd5e0,2025-11-23 01:57:16.783615+00:00,approved,471,MAD,3
order_2840dc1e,user_97fca422,merchant_3ba9c3b0,2025-09-28 01:57:16.783615+00:00,approved,330,MAD,3
order_75b6b381,user_4feed3eb,merchant_a6ad38ac,2025-11-28 01:57:16.783615+00:00,approved,420,MAD,3
order_8bd86d64,user_4feed3eb,merchant_8c4f4160,2025-10-14 01:57:16.783615+00:00,approved,714,MAD,3
order_9b18f82c,user_dba4c102,merchant_00df7761,2025-12-08 01:57:16.783615+00:00,approved,858,MAD,3
order_4fee3eb6,user_dba4c102,merchant_d068dcce,2025-11-10 01:57:16.783615+00:00,approved,396,MAD,3
order_3dab99e8,user_dba4c102,merchant_e6fd0f32,2025-11-07 01:57:16.783615+00:00,approved,358,MAD,3
order_4bc7bbda,user_d48c0636,merchant_00df7761,2025-11-30 01:57:16.783615+00:00,approved,512,MAD,3
order_a08ce020,user_d48c0636,merchant_d8abd5e0,2025-10-30 01:57:16.783615+00:00,approved,764,MAD,3
order_812e0db2,user_d48c0636,merchant_aa3a9054,2025-11-15 01:57:16.783615+00:00,approved,433,MAD,3
order_c1d7a404,user_9fae0451,merchant_1d26b8b1,2025-10-22 01:57:16.783615+00:00,approved,678,MAD,3
order_8db80cf4,user_9fae0451,merchant_8042e2cf,2025-12-13 01:57:16.783615+00:00,approved,803,MAD,3
order_7c3ad19a,user_a7668bbc,merchant_aa3a9054,2025-09-28 01:57:16.783615+00:00,rejected,2946,MAD,3
order_55a53d95,user_a7668bbc,merchant_8cf31187,2025-10-25 01:57:16.783615+00:00,rejected,3779,MAD,3
order_9ecc976d,user_a7668bbc,merchant_00df7761,2025-10-01 01:57:16.783615+00:00,rejected,2062,MAD,3
order_09c3e512,user_670d5f1e,merchant_708588c7,2025-12-05 01:57:16.783615+00:00,approved,1887,MAD,3
order_43200cf8,user_670d5f1e,merchant_c2a9caa4,2025-12-09 01:57:16.783615+00:00,rejected,2751,MAD,3
order_de2c1dec,user_670d5f1e,merchant_00df7761,2025-10-13 01:57:16.783615+00:00,rejected,3308,MAD,3
order_c71004dc,user_670d5f1e,merchant_aa3a9054,2025-10-12 01:57:16.783615+00:00,rejected,3864,MAD,3
order_3d1c2dd9,user_670d5f1e,merchant_8042e2cf,2025-11-28 01:57:16.783615+00:00,approved,1760,MAD,3
order_04d900ae,user_339fb437,merchant_8042e2cf,2025-11-16 01:57:16.783615+00:00,approved,2547,MAD,3
order_eb44a1d0,user_339fb437,merchant_00df7761,2025-11-07 01:57:16.783615+00:00,rejected,2591,MAD,3
order_18a72851,user_339fb437,merchant_fcc76787,2025-12-13 01:57:16.783615+00:00,approved,1691,MAD,3
order_78b5c746,user_7960cdf3,merchant_d068dcce,2025-10-24 01:57:16.783615+00:00,approved,859,MAD,3
order_c17be53e,user_7960cdf3,merchant_d068dcce,2025-11-20 01:57:16.783615+00:00,approved,481,MAD,3
order_393a8c65,user_7960cdf3,merchant_46f1760b,2025-11-30 01:57:16.783615+00:00,approved,397,MAD,3
order_18016e3b,user_7960cdf3,merchant_8cf31187,2025-11-03 01:57:16.783615+00:00,approved,815,MAD,3
order_1d770833,user_2940acc2,merchant_d068dcce,2025-09-27 01:57:16.783615+00:00,rejected,1749,MAD,3
order_28ef6b3f,user_2940acc2,merchant_708588c7,2025-10-20 01:57:16.783615+00:00,rejected,3406,MAD,3
order_eec3d995,user_2940acc2,merchant_3ba9c3b0,2025-10-07 01:57:16.783615+00:00,approved,3105,MAD,3
order_b010c575,user_2940acc2,merchant_a6ad38ac,2025-11-02 01:57:16.783615+00:00,approved,2289,MAD,3
order_a000d7b2,user_b8aad267,merchant_0efd0492,2025-11-08 01:57:16.783615+00:00,approved,456,MAD,3
order_f65e30f1,user_b8aad267,merchant_d7cdffd3,2025-10-03 01:57:16.783615+00:00,approved,369,MAD,3
order_8d30bf8c,user_697f1793,merchant_8c4f4160,2025-10-04 01:57:16.783615+00:00,approved,793,MAD,3
order_a6996e8d,user_697f1793,merchant_8042e2cf,2025-12-23 01:57:16.783615+00:00,approved,849,MAD,3
order_fa0a5b3f,user_697f1793,merchant_c2a9caa4,2025-11-09 01:57:16.783615+00:00,approved,408,MAD,3
order_47ca4f24,user_697f1793,merchant_8042e2cf,2025-11-25 01:57:16.783615+00:00,approved,432,MAD,3
order_8ab7d00d,user_ffd5de31,merchant_708588c7,2025-11-15 01:57:16.783615+00:00,approved,1129,MAD,3
order_ceeff564,user_ffd5de31,merchant_d7cdffd3,2025-11-22 01:57:16.783615+00:00,approved,1691,MAD,3
order_2cdde067,user_ffd5de31,merchant_1d26b8b1,2025-11-24 01:57:16.783615+00:00,approved,611,MAD,3
order_782a0af5,user_194fb093,merchant_d068dcce,2025-10-24 01:57:16.783615+00:00,rejected,2683,MAD,3
order_43cf7764,user_194fb093,merchant_3b5fb9f0,2025-10-10 01:57:16.783615+00:00,rejected,1896,MAD,3
order_2ec8fbdd,user_194fb093,merchant_c2a9caa4,2025-10-07 01:57:16.783615+00:00,approved,1552,MAD,3
order_6d7a5f20,user_194fb093,merchant_8c4f4160,2025-12-02 01:57:16.783615+00:00,rejected,3557,MAD,3
order_845e718a,user_194fb093,merchant_3ba9c3b0,2025-11-21 01:57:16.783615+00:00,rejected,2802,MAD,3
order_c50aa0e1,user_7263d558,merchant_fcc76787,2025-10-15 01:57:16.783615+00:00,approved,1016,MAD,3
order_2a5709da,user_7263d558,merchant_3ba9c3b0,2025-11-19 01:57:16.783615+00:00,approved,869,MAD,3
order_828b5b83,user_7b173438,merchant_d7cdffd3,2025-12-09 01:57:16.783615+00:00,approved,3936,MAD,3
order_6a110eb7,user_7b173438,merchant_d8abd5e0,2025-12-23 01:57:16.783615+00:00,rejected,2953,MAD,3
order_b1aa7211,user_7b173438,merchant_00df7761,2025-11-24 01:57:16.783615+00:00,approved,1649,MAD,3
order_90e1b22c,user_7b173438,merchant_46f1760b,2025-10-29 01:57:16.783615+00:00,rejected,3358,MAD,3
order_bac3974c,user_67bb8523,merchant_3b5fb9f0,2025-10-04 01:57:16.783615+00:00,approved,821,MAD,3
order_47db4907,user_67bb8523,merchant_d8abd5e0,2025-10-27 01:57:16.783615+00:00,approved,395,MAD,3
order_376b83f4,user_67bb8523,merchant_3b5fb9f0,2025-10-18 01:57:16.783615+00:00,approved,313,MAD,3
order_550f7e61,user_038e8b85,merchant_d068dcce,2025-11-13 01:57:16.783615+00:00,approved,515,MAD,3
order_8ff1fbd2,user_038e8b85,merchant_9a29c451,2025-11-20 01:57:16.783615+00:00,approved,512,MAD,3
order_a8a4a6c3,user_038e8b85,merchant_46f1760b,2025-12-08 01:57:16.783615+00:00,approved,374,MAD,3
order_e4f89ed5,user_26ae7be9,merchant_a6ad38ac,2025-12-12 01:57:16.783615+00:00,approved,354,MAD,3
order_c1753702,user_26ae7be9,merchant_d7cdffd3,2025-11-14 01:57:16.783615+00:00,approved,652,MAD,3
order_1972db65,user_26ae7be9,merchant_aa3a9054,2025-10-14 01:57:16.783615+00:00,approved,880,MAD,3
order_caeb8648,user_04a55dc8,merchant_708588c7,2025-10-02 01:57:16.783615+00:00,approved,2740,MAD,3
order_fb194cbe,user_04a55dc8,merchant_3b5fb9f0,2025-11-23 01:57:16.783615+00:00,approved,3252,MAD,3
order_b47f1e53,user_c573c48f,merchant_8c4f4160,2025-10-06 01:57:16.783615+00:00,rejected,1640,MAD,3
order_0f505acf,user_c573c48f,merchant_c2a9caa4,2025-11-05 01:57:16.783615+00:00,approved,1756,MAD,3
order_d1dc27bb,user_c573c48f,merchant_46f1760b,2025-12-05 01:57:16.783615+00:00,rejected,2560,MAD,3
order_0da85bd9,user_c573c48f,merchant_d7cdffd3,2025-11-06 01:57:16.783615+00:00,approved,2188,MAD,3
order_f170514b,user_7e85f602,merchant_3b5fb9f0,2025-12-09 01:57:16.783615+00:00,approved,459,MAD,3
order_9dfeec8e,user_7e85f602,merchant_d8abd5e0,2025-11-13 01:57:16.783615+00:00,approved,469,MAD,3
order_da76e93f,user_7e85f602,merchant_aa3a9054,2025-12-04 01:57:16.783615+00:00,approved,314,MAD,3
order_b8eb1747,user_075f12e8,merchant_3b5fb9f0,2025-12-13 01:57:16.783615+00:00,rejected,3339,MAD,3
order_f796a605,user_075f12e8,merchant_0efd0492,2025-11-08 01:57:16.783615+00:00,rejected,2529,MAD,3
order_5f9b7523,user_174d78b9,merchant_d7cdffd3,2025-11-22 01:57:16.783615+00:00,approved,494,MAD,3
order_63c9caa3,user_174d78b9,merchant_0d25a7f0,2025-11-06 01:57:16.783615+00:00,approved,750,MAD,3
order_1ec200d0,user_174d78b9,merchant_46f1760b,2025-11-24 01:57:16.783615+00:00,approved,856,MAD,3
order_73d4d7d2,user_174d78b9,merchant_3b5fb9f0,2025-11-25 01:57:16.783615+00:00,approved,884,MAD,3
order_527b4e18,user_daa950a1,merchant_aa3a9054,2025-11-11 01:57:16.783615+00:00,approved,745,MAD,3
order_7958e69a,user_daa950a1,merchant_3ba9c3b0,2025-11-11 01:57:16.783615+00:00,approved,766,MAD,3
order_a5ce6f1c,user_9ae0595e,merchant_8c4f4160,2025-11-16 01:57:16.783615+00:00,approved,817,MAD,3
order_0064fee0,user_9ae0595e,merchant_46f1760b,2025-11-16 01:57:16.783615+00:00,approved,1181,MAD,3
order_e81b3fda,user_9ae0595e,merchant_3ba9c3b0,2025-12-02 01:57:16.783615+00:00,approved,1157,MAD,3
order_58d76b6b,user_7487b707,merchant_0d25a7f0,2025-10-11 01:57:16.783615+00:00,approved,465,MAD,3
order_02461933,user_7487b707,merchant_8042e2cf,2025-11-26 01:57:16.783615+00:00,approved,879,MAD,3
order_6aaf530e,user_0d03cba2,merchant_aa3a9054,2025-11-09 01:57:16.783615+00:00,approved,725,MAD,3
order_4e89beee,user_0d03cba2,merchant_46f1760b,2025-12-09 01:57:16.783615+00:00,approved,499,MAD,3
order_552ad2bd,user_0d03cba2,merchant_c2a9caa4,2025-11-08 01:57:16.783615+00:00,approved,852,MAD,3
order_f7724691,user_9aed33f6,merchant_a6ad38ac,2025-10-23 01:57:16.783615+00:00,approved,1229,MAD,3
order_fb28a3fd,user_9aed33f6,merchant_8c4f4160,2025-10-09 01:57:16.783615+00:00,approved,1129,MAD,3
order_89bb2e2f,user_9aed33f6,merchant_e6fd0f32,2025-12-14 01:57:16.783615+00:00,approved,938,MAD,3
order_bd324951,user_2d962f65,merchant_9a29c451,2025-10-01 01:57:16.783615+00:00,approved,454,MAD,3
order_9c0316f9,user_2d962f65,merchant_46f1760b,2025-10-10 01:57:16.783615+00:00,approved,683,MAD,3
order_3ed010b6,user_2d962f65,merchant_8042e2cf,2025-11-29 01:57:16.783615+00:00,approved,865,MAD,3
order_f5622583,user_2d962f65,merchant_c2a9caa4,2025-10-20 01:57:16.783615+00:00,approved,339,MAD,3
order_4c385ce3,user_4a06b2a2,merchant_8c4f4160,2025-11-29 01:57:16.783615+00:00,approved,846,MAD,3
order_e95a19c9,user_4a06b2a2,merchant_d8abd5e0,2025-09-19 01:57:16.783615+00:00,approved,1730,MAD,3
order_ce46fab3,user_8edcb3a2,merchant_1d26b8b1,2025-11-16 01:57:16.783615+00:00,approved,1122,MAD,3
order_fb815dfe,user_8edcb3a2,merchant_fcc76787,2025-12-16 01:57:16.783615+00:00,approved,1442,MAD,3
order_e6f5b699,user_8edcb3a2,merchant_9a29c451,2025-11-27 01:57:16.783615+00:00,approved,1020,MAD,3
order_3ea47cb6,user_18fa6d41,merchant_e6fd0f32,2025-11-14 01:57:16.783615+00:00,approved,721,MAD,3
order_76c1fcae,user_18fa6d41,merchant_aa3a9054,2025-12-15 01:57:16.783615+00:00,approved,800,MAD,3
order_c0af756b,user_18fa6d41,merchant_708588c7,2025-11-07 01:57:16.783615+00:00,approved,649,MAD,3
order_aec22cd3,user_0c3066a3,merchant_9a29c451,2025-12-08 01:57:16.783615+00:00,approved,2290,MAD,3
order_2c758391,user_0c3066a3,merchant_e6fd0f32,2025-11-03 01:57:16.783615+00:00,rejected,3525,MAD,3
order_eefe412d,user_0c3066a3,merchant_c2a9caa4,2025-11-14 01:57:16.783615+00:00,rejected,1849,MAD,3
order_ade80c6c,user_edfcf86d,merchant_9a29c451,2025-09-23 01:57:16.783615+00:00,approved,717,MAD,3
order_36aaefb5,user_edfcf86d,merchant_c2a9caa4,2025-12-03 01:57:16.783615+00:00,approved,697,MAD,3
order_50a595bc,user_edfcf86d,merchant_d068dcce,2025-10-15 01:57:16.783615+00:00,approved,870,MAD,3
order_9520509a,user_d93c8be0,merchant_aa3a9054,2025-10-20 01:57:16.783615+00:00,approved,510,MAD,3
order_acfe5891,user_d93c8be0,merchant_00df7761,2025-12-02 01:57:16.783615+00:00,approved,662,MAD,3
order_792b8027,user_d93c8be0,merchant_c2a9caa4,2025-10-18 01:57:16.783615+00:00,approved,469,MAD,3
order_6758d29a,user_eef811f1,merchant_fcc76787,2025-10-24 01:57:16.783615+00:00,approved,1220,MAD,3
order_3d9bb583,user_eef811f1,merchant_fcc76787,2025-12-03 01:57:16.783615+00:00,rejected,922,MAD,3
order_01e4fa6e,user_eef811f1,merchant_8cf31187,2025-10-31 01:57:16.783615+00:00,approved,1683,MAD,3
